--------------------------------------------------------
--  파일이 생성됨 - 수요일-8월-23-2023   
--------------------------------------------------------
DROP TABLE "CANDYTOON"."ASK_TBL" cascade constraints;
DROP TABLE "CANDYTOON"."FNQ_TBL" cascade constraints;
DROP TABLE "CANDYTOON"."MEMBER_TBL" cascade constraints;
DROP TABLE "CANDYTOON"."NOTICE_TBL" cascade constraints;
--------------------------------------------------------
--  DDL for Table ASK_TBL
--------------------------------------------------------

  CREATE TABLE "CANDYTOON"."ASK_TBL" 
   (	"ASK_NO" NUMBER, 
	"ASK_CATEGORY" VARCHAR2(100 BYTE), 
	"ASK_SUBJECT" VARCHAR2(200 BYTE), 
	"ASK_CONTENT" VARCHAR2(1000 BYTE), 
	"ASK_WRITER" VARCHAR2(50 BYTE), 
	"ASK_DATE" DATE DEFAULT SYSDATE, 
	"ASK_FILENAME" VARCHAR2(100 BYTE), 
	"ASK_FILEPATH" VARCHAR2(500 BYTE), 
	"ASK_FILELENGTH" NUMBER
   ) SEGMENT CREATION IMMEDIATE 
  PCTFREE 10 PCTUSED 40 INITRANS 1 MAXTRANS 255 NOCOMPRESS LOGGING
  STORAGE(INITIAL 65536 NEXT 1048576 MINEXTENTS 1 MAXEXTENTS 2147483645
  PCTINCREASE 0 FREELISTS 1 FREELIST GROUPS 1 BUFFER_POOL DEFAULT FLASH_CACHE DEFAULT CELL_FLASH_CACHE DEFAULT)
  TABLESPACE "SYSTEM" ;
--------------------------------------------------------
--  DDL for Table FNQ_TBL
--------------------------------------------------------

  CREATE TABLE "CANDYTOON"."FNQ_TBL" 
   (	"FNQ_NO" NUMBER, 
	"FNQ_CATEGORY" VARCHAR2(100 BYTE), 
	"FNQ_SUBJECT" VARCHAR2(200 BYTE), 
	"FNQ_CONTENT" VARCHAR2(1000 BYTE), 
	"FNQ_WRITER" VARCHAR2(50 BYTE), 
	"FNQ_DATE" TIMESTAMP (6) DEFAULT SYSTIMESTAMP, 
	"FNQ_FILENAME" VARCHAR2(100 BYTE), 
	"FNQ_FILEPATH" VARCHAR2(500 BYTE), 
	"FNQ_FILELENGTH" NUMBER
   ) SEGMENT CREATION IMMEDIATE 
  PCTFREE 10 PCTUSED 40 INITRANS 1 MAXTRANS 255 NOCOMPRESS LOGGING
  STORAGE(INITIAL 65536 NEXT 1048576 MINEXTENTS 1 MAXEXTENTS 2147483645
  PCTINCREASE 0 FREELISTS 1 FREELIST GROUPS 1 BUFFER_POOL DEFAULT FLASH_CACHE DEFAULT CELL_FLASH_CACHE DEFAULT)
  TABLESPACE "SYSTEM" ;
--------------------------------------------------------
--  DDL for Table MEMBER_TBL
--------------------------------------------------------

  CREATE TABLE "CANDYTOON"."MEMBER_TBL" 
   (	"MEMBER_ID" VARCHAR2(20 BYTE), 
	"MEMBER_PW" VARCHAR2(40 BYTE), 
	"MEMBER_EMAIL" VARCHAR2(100 BYTE), 
	"MEMBER_NAME" VARCHAR2(50 BYTE), 
	"REGI_DATE" DATE DEFAULT SYSDATE
   ) SEGMENT CREATION IMMEDIATE 
  PCTFREE 10 PCTUSED 40 INITRANS 1 MAXTRANS 255 NOCOMPRESS LOGGING
  STORAGE(INITIAL 65536 NEXT 1048576 MINEXTENTS 1 MAXEXTENTS 2147483645
  PCTINCREASE 0 FREELISTS 1 FREELIST GROUPS 1 BUFFER_POOL DEFAULT FLASH_CACHE DEFAULT CELL_FLASH_CACHE DEFAULT)
  TABLESPACE "SYSTEM" ;
--------------------------------------------------------
--  DDL for Table NOTICE_TBL
--------------------------------------------------------

  CREATE TABLE "CANDYTOON"."NOTICE_TBL" 
   (	"NOTICE_NO" NUMBER, 
	"NOTICE_SUBJECT" VARCHAR2(200 BYTE), 
	"NOTICE_CONTENT" VARCHAR2(1000 BYTE), 
	"NOTICE_WRITER" VARCHAR2(50 BYTE), 
	"NOTICE_DATE" TIMESTAMP (6) DEFAULT SYSTIMESTAMP, 
	"NOTICE_UPDATE" TIMESTAMP (6), 
	"NOTICE_FILENAME" VARCHAR2(100 BYTE), 
	"NOTICE_FILERENAME" VARCHAR2(100 BYTE), 
	"NOTICE_FILEPATH" VARCHAR2(500 BYTE), 
	"NOTICE_FILELENGTH" NUMBER
   ) SEGMENT CREATION IMMEDIATE 
  PCTFREE 10 PCTUSED 40 INITRANS 1 MAXTRANS 255 NOCOMPRESS LOGGING
  STORAGE(INITIAL 65536 NEXT 1048576 MINEXTENTS 1 MAXEXTENTS 2147483645
  PCTINCREASE 0 FREELISTS 1 FREELIST GROUPS 1 BUFFER_POOL DEFAULT FLASH_CACHE DEFAULT CELL_FLASH_CACHE DEFAULT)
  TABLESPACE "SYSTEM" ;
REM INSERTING into CANDYTOON.ASK_TBL
SET DEFINE OFF;
Insert into CANDYTOON.ASK_TBL (ASK_NO,ASK_CATEGORY,ASK_SUBJECT,ASK_CONTENT,ASK_WRITER,ASK_DATE,ASK_FILENAME,ASK_FILEPATH,ASK_FILELENGTH) values (2,'이벤트','문의','D','user03',to_date('23/08/03','RR/MM/DD'),null,null,null);
Insert into CANDYTOON.ASK_TBL (ASK_NO,ASK_CATEGORY,ASK_SUBJECT,ASK_CONTENT,ASK_WRITER,ASK_DATE,ASK_FILENAME,ASK_FILEPATH,ASK_FILELENGTH) values (3,'결제/환불','환불문의','환불문의','user03',to_date('23/08/03','RR/MM/DD'),null,null,null);
Insert into CANDYTOON.ASK_TBL (ASK_NO,ASK_CATEGORY,ASK_SUBJECT,ASK_CONTENT,ASK_WRITER,ASK_DATE,ASK_FILENAME,ASK_FILEPATH,ASK_FILELENGTH) values (4,'기타','1번째 기타문의','기타문의','user03',to_date('23/08/03','RR/MM/DD'),null,null,null);
Insert into CANDYTOON.ASK_TBL (ASK_NO,ASK_CATEGORY,ASK_SUBJECT,ASK_CONTENT,ASK_WRITER,ASK_DATE,ASK_FILENAME,ASK_FILEPATH,ASK_FILELENGTH) values (5,'기타','2번째 기타문의','기타문의','user03',to_date('23/08/03','RR/MM/DD'),null,null,null);
Insert into CANDYTOON.ASK_TBL (ASK_NO,ASK_CATEGORY,ASK_SUBJECT,ASK_CONTENT,ASK_WRITER,ASK_DATE,ASK_FILENAME,ASK_FILEPATH,ASK_FILELENGTH) values (6,'기타','3번째 기타문의','기타문의','user03',to_date('23/08/03','RR/MM/DD'),null,null,null);
Insert into CANDYTOON.ASK_TBL (ASK_NO,ASK_CATEGORY,ASK_SUBJECT,ASK_CONTENT,ASK_WRITER,ASK_DATE,ASK_FILENAME,ASK_FILEPATH,ASK_FILELENGTH) values (7,'기타','4번째 기타문의','기타문의','user03',to_date('23/08/03','RR/MM/DD'),null,null,null);
Insert into CANDYTOON.ASK_TBL (ASK_NO,ASK_CATEGORY,ASK_SUBJECT,ASK_CONTENT,ASK_WRITER,ASK_DATE,ASK_FILENAME,ASK_FILEPATH,ASK_FILELENGTH) values (8,'기타','5번째 기타문의','기타문의','user03',to_date('23/08/03','RR/MM/DD'),null,null,null);
Insert into CANDYTOON.ASK_TBL (ASK_NO,ASK_CATEGORY,ASK_SUBJECT,ASK_CONTENT,ASK_WRITER,ASK_DATE,ASK_FILENAME,ASK_FILEPATH,ASK_FILELENGTH) values (9,'기타','6번째 기타문의','기타문의','user03',to_date('23/08/03','RR/MM/DD'),null,null,null);
Insert into CANDYTOON.ASK_TBL (ASK_NO,ASK_CATEGORY,ASK_SUBJECT,ASK_CONTENT,ASK_WRITER,ASK_DATE,ASK_FILENAME,ASK_FILEPATH,ASK_FILELENGTH) values (10,'기타','7번째 기타문의','기타문의','user03',to_date('23/08/03','RR/MM/DD'),null,null,null);
Insert into CANDYTOON.ASK_TBL (ASK_NO,ASK_CATEGORY,ASK_SUBJECT,ASK_CONTENT,ASK_WRITER,ASK_DATE,ASK_FILENAME,ASK_FILEPATH,ASK_FILELENGTH) values (11,'기타','8번째 기타문의','기타문의','user03',to_date('23/08/03','RR/MM/DD'),null,null,null);
Insert into CANDYTOON.ASK_TBL (ASK_NO,ASK_CATEGORY,ASK_SUBJECT,ASK_CONTENT,ASK_WRITER,ASK_DATE,ASK_FILENAME,ASK_FILEPATH,ASK_FILELENGTH) values (12,'기타','9번째 기타문의','기타문의','user03',to_date('23/08/03','RR/MM/DD'),null,null,null);
Insert into CANDYTOON.ASK_TBL (ASK_NO,ASK_CATEGORY,ASK_SUBJECT,ASK_CONTENT,ASK_WRITER,ASK_DATE,ASK_FILENAME,ASK_FILEPATH,ASK_FILELENGTH) values (13,'기타','10번째 기타문의','기타문의','user03',to_date('23/08/03','RR/MM/DD'),null,null,null);
Insert into CANDYTOON.ASK_TBL (ASK_NO,ASK_CATEGORY,ASK_SUBJECT,ASK_CONTENT,ASK_WRITER,ASK_DATE,ASK_FILENAME,ASK_FILEPATH,ASK_FILELENGTH) values (14,'기타','11번째 기타문의','기타문의','user03',to_date('23/08/03','RR/MM/DD'),null,null,null);
Insert into CANDYTOON.ASK_TBL (ASK_NO,ASK_CATEGORY,ASK_SUBJECT,ASK_CONTENT,ASK_WRITER,ASK_DATE,ASK_FILENAME,ASK_FILEPATH,ASK_FILELENGTH) values (15,'기타','12번째 기타문의','기타문의','user03',to_date('23/08/03','RR/MM/DD'),null,null,null);
Insert into CANDYTOON.ASK_TBL (ASK_NO,ASK_CATEGORY,ASK_SUBJECT,ASK_CONTENT,ASK_WRITER,ASK_DATE,ASK_FILENAME,ASK_FILEPATH,ASK_FILELENGTH) values (16,'기타','13번째 기타문의','기타문의','user03',to_date('23/08/03','RR/MM/DD'),null,null,null);
Insert into CANDYTOON.ASK_TBL (ASK_NO,ASK_CATEGORY,ASK_SUBJECT,ASK_CONTENT,ASK_WRITER,ASK_DATE,ASK_FILENAME,ASK_FILEPATH,ASK_FILELENGTH) values (17,'기타','14번째 기타문의','기타문의','user03',to_date('23/08/03','RR/MM/DD'),null,null,null);
Insert into CANDYTOON.ASK_TBL (ASK_NO,ASK_CATEGORY,ASK_SUBJECT,ASK_CONTENT,ASK_WRITER,ASK_DATE,ASK_FILENAME,ASK_FILEPATH,ASK_FILELENGTH) values (18,'기타','15번째 기타문의','기타문의','user03',to_date('23/08/03','RR/MM/DD'),null,null,null);
Insert into CANDYTOON.ASK_TBL (ASK_NO,ASK_CATEGORY,ASK_SUBJECT,ASK_CONTENT,ASK_WRITER,ASK_DATE,ASK_FILENAME,ASK_FILEPATH,ASK_FILELENGTH) values (19,'기타','16번째 기타문의','기타문의','user03',to_date('23/08/03','RR/MM/DD'),null,null,null);
Insert into CANDYTOON.ASK_TBL (ASK_NO,ASK_CATEGORY,ASK_SUBJECT,ASK_CONTENT,ASK_WRITER,ASK_DATE,ASK_FILENAME,ASK_FILEPATH,ASK_FILELENGTH) values (20,'기타','17번째 기타문의','기타문의','user03',to_date('23/08/03','RR/MM/DD'),null,null,null);
Insert into CANDYTOON.ASK_TBL (ASK_NO,ASK_CATEGORY,ASK_SUBJECT,ASK_CONTENT,ASK_WRITER,ASK_DATE,ASK_FILENAME,ASK_FILEPATH,ASK_FILELENGTH) values (21,'기타','18번째 기타문의','기타문의','user03',to_date('23/08/03','RR/MM/DD'),null,null,null);
Insert into CANDYTOON.ASK_TBL (ASK_NO,ASK_CATEGORY,ASK_SUBJECT,ASK_CONTENT,ASK_WRITER,ASK_DATE,ASK_FILENAME,ASK_FILEPATH,ASK_FILELENGTH) values (22,'기타','19번째 기타문의','기타문의','user03',to_date('23/08/03','RR/MM/DD'),null,null,null);
Insert into CANDYTOON.ASK_TBL (ASK_NO,ASK_CATEGORY,ASK_SUBJECT,ASK_CONTENT,ASK_WRITER,ASK_DATE,ASK_FILENAME,ASK_FILEPATH,ASK_FILELENGTH) values (23,'기타','20번째 기타문의','기타문의','user03',to_date('23/08/03','RR/MM/DD'),null,null,null);
Insert into CANDYTOON.ASK_TBL (ASK_NO,ASK_CATEGORY,ASK_SUBJECT,ASK_CONTENT,ASK_WRITER,ASK_DATE,ASK_FILENAME,ASK_FILEPATH,ASK_FILELENGTH) values (24,'사이트이용','21번째 기타문의','기타문의','user03',to_date('23/08/04','RR/MM/DD'),null,null,null);
Insert into CANDYTOON.ASK_TBL (ASK_NO,ASK_CATEGORY,ASK_SUBJECT,ASK_CONTENT,ASK_WRITER,ASK_DATE,ASK_FILENAME,ASK_FILEPATH,ASK_FILELENGTH) values (25,'사이트이용','22번째 기타문의','기타문의','user03',to_date('23/08/04','RR/MM/DD'),null,null,null);
Insert into CANDYTOON.ASK_TBL (ASK_NO,ASK_CATEGORY,ASK_SUBJECT,ASK_CONTENT,ASK_WRITER,ASK_DATE,ASK_FILENAME,ASK_FILEPATH,ASK_FILELENGTH) values (26,'사이트이용','23번째 기타문의','기타문의','user03',to_date('23/08/04','RR/MM/DD'),null,null,null);
Insert into CANDYTOON.ASK_TBL (ASK_NO,ASK_CATEGORY,ASK_SUBJECT,ASK_CONTENT,ASK_WRITER,ASK_DATE,ASK_FILENAME,ASK_FILEPATH,ASK_FILELENGTH) values (27,'사이트이용','24번째 기타문의','기타문의','user03',to_date('23/08/04','RR/MM/DD'),null,null,null);
Insert into CANDYTOON.ASK_TBL (ASK_NO,ASK_CATEGORY,ASK_SUBJECT,ASK_CONTENT,ASK_WRITER,ASK_DATE,ASK_FILENAME,ASK_FILEPATH,ASK_FILELENGTH) values (28,'사이트이용','25번째 기타문의','기타문의','user03',to_date('23/08/04','RR/MM/DD'),null,null,null);
Insert into CANDYTOON.ASK_TBL (ASK_NO,ASK_CATEGORY,ASK_SUBJECT,ASK_CONTENT,ASK_WRITER,ASK_DATE,ASK_FILENAME,ASK_FILEPATH,ASK_FILELENGTH) values (29,'사이트이용','26번째 기타문의','기타문의','user03',to_date('23/08/04','RR/MM/DD'),null,null,null);
Insert into CANDYTOON.ASK_TBL (ASK_NO,ASK_CATEGORY,ASK_SUBJECT,ASK_CONTENT,ASK_WRITER,ASK_DATE,ASK_FILENAME,ASK_FILEPATH,ASK_FILELENGTH) values (30,'사이트이용','27번째 기타문의','기타문의','user03',to_date('23/08/04','RR/MM/DD'),null,null,null);
Insert into CANDYTOON.ASK_TBL (ASK_NO,ASK_CATEGORY,ASK_SUBJECT,ASK_CONTENT,ASK_WRITER,ASK_DATE,ASK_FILENAME,ASK_FILEPATH,ASK_FILELENGTH) values (31,'사이트이용','28번째 기타문의','기타문의','user03',to_date('23/08/04','RR/MM/DD'),null,null,null);
Insert into CANDYTOON.ASK_TBL (ASK_NO,ASK_CATEGORY,ASK_SUBJECT,ASK_CONTENT,ASK_WRITER,ASK_DATE,ASK_FILENAME,ASK_FILEPATH,ASK_FILELENGTH) values (32,'사이트이용','29번째 기타문의','기타문의','user03',to_date('23/08/04','RR/MM/DD'),null,null,null);
Insert into CANDYTOON.ASK_TBL (ASK_NO,ASK_CATEGORY,ASK_SUBJECT,ASK_CONTENT,ASK_WRITER,ASK_DATE,ASK_FILENAME,ASK_FILEPATH,ASK_FILELENGTH) values (33,'사이트이용','30번째 기타문의','기타문의','user03',to_date('23/08/04','RR/MM/DD'),null,null,null);
Insert into CANDYTOON.ASK_TBL (ASK_NO,ASK_CATEGORY,ASK_SUBJECT,ASK_CONTENT,ASK_WRITER,ASK_DATE,ASK_FILENAME,ASK_FILEPATH,ASK_FILELENGTH) values (34,'결제/환불','31번째 기타문의','기타문의','user03',to_date('23/08/04','RR/MM/DD'),'flower1.png','D:\springworkspace\.metadata\.plugins\org.eclipse.wst.server.core\tmp1\wtpwebapps\CandyToonSpring\resources\uploadFiles\flower1.png',845197);
Insert into CANDYTOON.ASK_TBL (ASK_NO,ASK_CATEGORY,ASK_SUBJECT,ASK_CONTENT,ASK_WRITER,ASK_DATE,ASK_FILENAME,ASK_FILEPATH,ASK_FILELENGTH) values (35,'사이트이용','32번째 기타문의','기타문의','user03',to_date('23/08/04','RR/MM/DD'),null,null,null);
Insert into CANDYTOON.ASK_TBL (ASK_NO,ASK_CATEGORY,ASK_SUBJECT,ASK_CONTENT,ASK_WRITER,ASK_DATE,ASK_FILENAME,ASK_FILEPATH,ASK_FILELENGTH) values (36,'결제/환불','사진추가','변경','user03',to_date('23/08/04','RR/MM/DD'),'river1.png','D:\springworkspace\.metadata\.plugins\org.eclipse.wst.server.core\tmp1\wtpwebapps\CandyToonSpring\resources\uploadFiles\river1.png',537255);
Insert into CANDYTOON.ASK_TBL (ASK_NO,ASK_CATEGORY,ASK_SUBJECT,ASK_CONTENT,ASK_WRITER,ASK_DATE,ASK_FILENAME,ASK_FILEPATH,ASK_FILELENGTH) values (37,'사이트이용','34번째 기타문의','기타문의','user03',to_date('23/08/04','RR/MM/DD'),null,null,null);
Insert into CANDYTOON.ASK_TBL (ASK_NO,ASK_CATEGORY,ASK_SUBJECT,ASK_CONTENT,ASK_WRITER,ASK_DATE,ASK_FILENAME,ASK_FILEPATH,ASK_FILELENGTH) values (38,'결제/환불','사진변경','기타문의','user03',to_date('23/08/04','RR/MM/DD'),'tangerines.jpg','D:\springworkspace\.metadata\.plugins\org.eclipse.wst.server.core\tmp1\wtpwebapps\CandyToonSpring\resources\uploadFiles\tangerines.jpg',78809);
Insert into CANDYTOON.ASK_TBL (ASK_NO,ASK_CATEGORY,ASK_SUBJECT,ASK_CONTENT,ASK_WRITER,ASK_DATE,ASK_FILENAME,ASK_FILEPATH,ASK_FILELENGTH) values (1,'결제/환불','사진등록 수정','내용','user01',to_date('23/08/22','RR/MM/DD'),'flower1.png','D:\springworkspace\.metadata\.plugins\org.eclipse.wst.server.core\tmp1\wtpwebapps\CandyToonSpring\resources\uploadFiles\flower1.png',845197);
REM INSERTING into CANDYTOON.FNQ_TBL
SET DEFINE OFF;
Insert into CANDYTOON.FNQ_TBL (FNQ_NO,FNQ_CATEGORY,FNQ_SUBJECT,FNQ_CONTENT,FNQ_WRITER,FNQ_DATE,FNQ_FILENAME,FNQ_FILEPATH,FNQ_FILELENGTH) values (1,'기타','기타1번째 안내','기타1번째 내용','admin',to_timestamp('23/08/21 14:25:47.344000000','RR/MM/DD HH24:MI:SSXFF'),null,null,null);
Insert into CANDYTOON.FNQ_TBL (FNQ_NO,FNQ_CATEGORY,FNQ_SUBJECT,FNQ_CONTENT,FNQ_WRITER,FNQ_DATE,FNQ_FILENAME,FNQ_FILEPATH,FNQ_FILELENGTH) values (2,'기타','기타2번째 안내','기타2번째 내용','admin',to_timestamp('23/08/21 14:25:47.344000000','RR/MM/DD HH24:MI:SSXFF'),null,null,null);
Insert into CANDYTOON.FNQ_TBL (FNQ_NO,FNQ_CATEGORY,FNQ_SUBJECT,FNQ_CONTENT,FNQ_WRITER,FNQ_DATE,FNQ_FILENAME,FNQ_FILEPATH,FNQ_FILELENGTH) values (3,'기타','기타3번째 안내','기타3번째 내용','admin',to_timestamp('23/08/21 14:25:47.344000000','RR/MM/DD HH24:MI:SSXFF'),null,null,null);
Insert into CANDYTOON.FNQ_TBL (FNQ_NO,FNQ_CATEGORY,FNQ_SUBJECT,FNQ_CONTENT,FNQ_WRITER,FNQ_DATE,FNQ_FILENAME,FNQ_FILEPATH,FNQ_FILELENGTH) values (4,'결제/환불','결제/환불1번째 안내','결제/환불1번째 내용','admin',to_timestamp('23/08/21 14:26:16.947000000','RR/MM/DD HH24:MI:SSXFF'),null,null,null);
Insert into CANDYTOON.FNQ_TBL (FNQ_NO,FNQ_CATEGORY,FNQ_SUBJECT,FNQ_CONTENT,FNQ_WRITER,FNQ_DATE,FNQ_FILENAME,FNQ_FILEPATH,FNQ_FILELENGTH) values (5,'결제/환불','결제/환불2번째 안내','결제/환불2번째 내용','admin',to_timestamp('23/08/21 14:26:16.947000000','RR/MM/DD HH24:MI:SSXFF'),null,null,null);
Insert into CANDYTOON.FNQ_TBL (FNQ_NO,FNQ_CATEGORY,FNQ_SUBJECT,FNQ_CONTENT,FNQ_WRITER,FNQ_DATE,FNQ_FILENAME,FNQ_FILEPATH,FNQ_FILELENGTH) values (6,'결제/환불','결제/환불3번째 안내','결제/환불3번째 내용','admin',to_timestamp('23/08/21 14:26:16.947000000','RR/MM/DD HH24:MI:SSXFF'),null,null,null);
Insert into CANDYTOON.FNQ_TBL (FNQ_NO,FNQ_CATEGORY,FNQ_SUBJECT,FNQ_CONTENT,FNQ_WRITER,FNQ_DATE,FNQ_FILENAME,FNQ_FILEPATH,FNQ_FILELENGTH) values (7,'결제/환불','결제/환불4번째 안내','결제/환불4번째 내용','admin',to_timestamp('23/08/21 14:26:16.947000000','RR/MM/DD HH24:MI:SSXFF'),null,null,null);
Insert into CANDYTOON.FNQ_TBL (FNQ_NO,FNQ_CATEGORY,FNQ_SUBJECT,FNQ_CONTENT,FNQ_WRITER,FNQ_DATE,FNQ_FILENAME,FNQ_FILEPATH,FNQ_FILELENGTH) values (8,'결제/환불','결제/환불5번째 안내','결제/환불5번째 내용','admin',to_timestamp('23/08/21 14:26:16.947000000','RR/MM/DD HH24:MI:SSXFF'),null,null,null);
Insert into CANDYTOON.FNQ_TBL (FNQ_NO,FNQ_CATEGORY,FNQ_SUBJECT,FNQ_CONTENT,FNQ_WRITER,FNQ_DATE,FNQ_FILENAME,FNQ_FILEPATH,FNQ_FILELENGTH) values (9,'결제/환불','결제/환불6번째 안내','결제/환불6번째 내용','admin',to_timestamp('23/08/21 14:26:16.947000000','RR/MM/DD HH24:MI:SSXFF'),null,null,null);
Insert into CANDYTOON.FNQ_TBL (FNQ_NO,FNQ_CATEGORY,FNQ_SUBJECT,FNQ_CONTENT,FNQ_WRITER,FNQ_DATE,FNQ_FILENAME,FNQ_FILEPATH,FNQ_FILELENGTH) values (10,'회원/계정','회원/계정1번째 안내','회원/계정1번째 내용','admin',to_timestamp('23/08/21 14:26:32.645000000','RR/MM/DD HH24:MI:SSXFF'),null,null,null);
Insert into CANDYTOON.FNQ_TBL (FNQ_NO,FNQ_CATEGORY,FNQ_SUBJECT,FNQ_CONTENT,FNQ_WRITER,FNQ_DATE,FNQ_FILENAME,FNQ_FILEPATH,FNQ_FILELENGTH) values (11,'회원/계정','회원/계정2번째 안내','회원/계정2번째 내용','admin',to_timestamp('23/08/21 14:26:32.645000000','RR/MM/DD HH24:MI:SSXFF'),null,null,null);
Insert into CANDYTOON.FNQ_TBL (FNQ_NO,FNQ_CATEGORY,FNQ_SUBJECT,FNQ_CONTENT,FNQ_WRITER,FNQ_DATE,FNQ_FILENAME,FNQ_FILEPATH,FNQ_FILELENGTH) values (12,'회원/계정','회원/계정3번째 안내','회원/계정3번째 내용','admin',to_timestamp('23/08/21 14:26:32.645000000','RR/MM/DD HH24:MI:SSXFF'),null,null,null);
Insert into CANDYTOON.FNQ_TBL (FNQ_NO,FNQ_CATEGORY,FNQ_SUBJECT,FNQ_CONTENT,FNQ_WRITER,FNQ_DATE,FNQ_FILENAME,FNQ_FILEPATH,FNQ_FILELENGTH) values (13,'회원/계정','회원/계정4번째 안내','회원/계정4번째 내용','admin',to_timestamp('23/08/21 14:26:32.645000000','RR/MM/DD HH24:MI:SSXFF'),null,null,null);
Insert into CANDYTOON.FNQ_TBL (FNQ_NO,FNQ_CATEGORY,FNQ_SUBJECT,FNQ_CONTENT,FNQ_WRITER,FNQ_DATE,FNQ_FILENAME,FNQ_FILEPATH,FNQ_FILELENGTH) values (14,'회원/계정','회원/계정5번째 안내','회원/계정5번째 내용','admin',to_timestamp('23/08/21 14:26:32.645000000','RR/MM/DD HH24:MI:SSXFF'),null,null,null);
Insert into CANDYTOON.FNQ_TBL (FNQ_NO,FNQ_CATEGORY,FNQ_SUBJECT,FNQ_CONTENT,FNQ_WRITER,FNQ_DATE,FNQ_FILENAME,FNQ_FILEPATH,FNQ_FILELENGTH) values (15,'회원/계정','회원/계정6번째 안내','회원/계정6번째 내용','admin',to_timestamp('23/08/21 14:26:32.645000000','RR/MM/DD HH24:MI:SSXFF'),null,null,null);
Insert into CANDYTOON.FNQ_TBL (FNQ_NO,FNQ_CATEGORY,FNQ_SUBJECT,FNQ_CONTENT,FNQ_WRITER,FNQ_DATE,FNQ_FILENAME,FNQ_FILEPATH,FNQ_FILELENGTH) values (16,'사이트이용','사이트이용1번째 안내','사이트이용1번째 내용','admin',to_timestamp('23/08/21 14:26:49.625000000','RR/MM/DD HH24:MI:SSXFF'),null,null,null);
Insert into CANDYTOON.FNQ_TBL (FNQ_NO,FNQ_CATEGORY,FNQ_SUBJECT,FNQ_CONTENT,FNQ_WRITER,FNQ_DATE,FNQ_FILENAME,FNQ_FILEPATH,FNQ_FILELENGTH) values (17,'사이트이용','사이트이용2번째 안내','사이트이용2번째 내용','admin',to_timestamp('23/08/21 14:26:49.626000000','RR/MM/DD HH24:MI:SSXFF'),null,null,null);
Insert into CANDYTOON.FNQ_TBL (FNQ_NO,FNQ_CATEGORY,FNQ_SUBJECT,FNQ_CONTENT,FNQ_WRITER,FNQ_DATE,FNQ_FILENAME,FNQ_FILEPATH,FNQ_FILELENGTH) values (18,'사이트이용','사이트이용3번째 안내','사이트이용3번째 내용','admin',to_timestamp('23/08/21 14:26:49.626000000','RR/MM/DD HH24:MI:SSXFF'),null,null,null);
Insert into CANDYTOON.FNQ_TBL (FNQ_NO,FNQ_CATEGORY,FNQ_SUBJECT,FNQ_CONTENT,FNQ_WRITER,FNQ_DATE,FNQ_FILENAME,FNQ_FILEPATH,FNQ_FILELENGTH) values (19,'사이트이용','사이트이용4번째 안내','사이트이용4번째 내용','admin',to_timestamp('23/08/21 14:26:49.626000000','RR/MM/DD HH24:MI:SSXFF'),null,null,null);
Insert into CANDYTOON.FNQ_TBL (FNQ_NO,FNQ_CATEGORY,FNQ_SUBJECT,FNQ_CONTENT,FNQ_WRITER,FNQ_DATE,FNQ_FILENAME,FNQ_FILEPATH,FNQ_FILELENGTH) values (20,'사이트이용','사이트이용5번째 안내','사이트이용5번째 내용','admin',to_timestamp('23/08/21 14:26:49.626000000','RR/MM/DD HH24:MI:SSXFF'),null,null,null);
Insert into CANDYTOON.FNQ_TBL (FNQ_NO,FNQ_CATEGORY,FNQ_SUBJECT,FNQ_CONTENT,FNQ_WRITER,FNQ_DATE,FNQ_FILENAME,FNQ_FILEPATH,FNQ_FILELENGTH) values (21,'이벤트','이벤트1번째 안내','이벤트1번째 내용','admin',to_timestamp('23/08/21 14:27:01.384000000','RR/MM/DD HH24:MI:SSXFF'),null,null,null);
Insert into CANDYTOON.FNQ_TBL (FNQ_NO,FNQ_CATEGORY,FNQ_SUBJECT,FNQ_CONTENT,FNQ_WRITER,FNQ_DATE,FNQ_FILENAME,FNQ_FILEPATH,FNQ_FILELENGTH) values (22,'이벤트','이벤트2번째 안내','이벤트2번째 내용','admin',to_timestamp('23/08/21 14:27:01.385000000','RR/MM/DD HH24:MI:SSXFF'),null,null,null);
Insert into CANDYTOON.FNQ_TBL (FNQ_NO,FNQ_CATEGORY,FNQ_SUBJECT,FNQ_CONTENT,FNQ_WRITER,FNQ_DATE,FNQ_FILENAME,FNQ_FILEPATH,FNQ_FILELENGTH) values (23,'이벤트','이벤트3번째 안내','이벤트3번째 내용','admin',to_timestamp('23/08/21 14:27:01.385000000','RR/MM/DD HH24:MI:SSXFF'),null,null,null);
Insert into CANDYTOON.FNQ_TBL (FNQ_NO,FNQ_CATEGORY,FNQ_SUBJECT,FNQ_CONTENT,FNQ_WRITER,FNQ_DATE,FNQ_FILENAME,FNQ_FILEPATH,FNQ_FILELENGTH) values (24,'기타','기타1번째 안내','기타1번째 내용','admin',to_timestamp('23/08/21 14:27:15.290000000','RR/MM/DD HH24:MI:SSXFF'),null,null,null);
Insert into CANDYTOON.FNQ_TBL (FNQ_NO,FNQ_CATEGORY,FNQ_SUBJECT,FNQ_CONTENT,FNQ_WRITER,FNQ_DATE,FNQ_FILENAME,FNQ_FILEPATH,FNQ_FILELENGTH) values (25,'기타','기타2번째 안내','기타2번째 내용','admin',to_timestamp('23/08/21 14:27:15.290000000','RR/MM/DD HH24:MI:SSXFF'),null,null,null);
Insert into CANDYTOON.FNQ_TBL (FNQ_NO,FNQ_CATEGORY,FNQ_SUBJECT,FNQ_CONTENT,FNQ_WRITER,FNQ_DATE,FNQ_FILENAME,FNQ_FILEPATH,FNQ_FILELENGTH) values (26,'결제/환불','파일 등록','첨부','admin',to_timestamp('23/08/21 14:27:15.290000000','RR/MM/DD HH24:MI:SSXFF'),'salad.jpg','D:\springworkspace\.metadata\.plugins\org.eclipse.wst.server.core\tmp1\wtpwebapps\CandyToonSpring\resources\uploadFiles\salad.jpg',72580);
Insert into CANDYTOON.FNQ_TBL (FNQ_NO,FNQ_CATEGORY,FNQ_SUBJECT,FNQ_CONTENT,FNQ_WRITER,FNQ_DATE,FNQ_FILENAME,FNQ_FILEPATH,FNQ_FILELENGTH) values (27,'기타','기타4번째 안내','기타4번째 내용','admin',to_timestamp('23/08/21 14:27:15.290000000','RR/MM/DD HH24:MI:SSXFF'),null,null,null);
Insert into CANDYTOON.FNQ_TBL (FNQ_NO,FNQ_CATEGORY,FNQ_SUBJECT,FNQ_CONTENT,FNQ_WRITER,FNQ_DATE,FNQ_FILENAME,FNQ_FILEPATH,FNQ_FILELENGTH) values (30,'기타','기타7번째 안내','기타7번째 내용','admin',to_timestamp('23/08/21 14:27:15.290000000','RR/MM/DD HH24:MI:SSXFF'),null,null,null);
Insert into CANDYTOON.FNQ_TBL (FNQ_NO,FNQ_CATEGORY,FNQ_SUBJECT,FNQ_CONTENT,FNQ_WRITER,FNQ_DATE,FNQ_FILENAME,FNQ_FILEPATH,FNQ_FILELENGTH) values (31,'기타','기타8번째 안내','기타8번째 내용','admin',to_timestamp('23/08/21 14:27:15.290000000','RR/MM/DD HH24:MI:SSXFF'),null,null,null);
Insert into CANDYTOON.FNQ_TBL (FNQ_NO,FNQ_CATEGORY,FNQ_SUBJECT,FNQ_CONTENT,FNQ_WRITER,FNQ_DATE,FNQ_FILENAME,FNQ_FILEPATH,FNQ_FILELENGTH) values (32,'회원/계정','사진 등록','11','admin',to_timestamp('23/08/22 15:36:47.483000000','RR/MM/DD HH24:MI:SSXFF'),'link.png','D:\springworkspace\.metadata\.plugins\org.eclipse.wst.server.core\tmp1\wtpwebapps\CandyToonSpring\resources\uploadFiles\link.png',91016);
REM INSERTING into CANDYTOON.MEMBER_TBL
SET DEFINE OFF;
Insert into CANDYTOON.MEMBER_TBL (MEMBER_ID,MEMBER_PW,MEMBER_EMAIL,MEMBER_NAME,REGI_DATE) values ('user01','pass01','user01@aaa.com','일일일',to_date('23/07/31','RR/MM/DD'));
Insert into CANDYTOON.MEMBER_TBL (MEMBER_ID,MEMBER_PW,MEMBER_EMAIL,MEMBER_NAME,REGI_DATE) values ('user02','pass02','user02@bbb.com','이이이',to_date('23/07/31','RR/MM/DD'));
Insert into CANDYTOON.MEMBER_TBL (MEMBER_ID,MEMBER_PW,MEMBER_EMAIL,MEMBER_NAME,REGI_DATE) values ('user03','pass03','user03@ccc.com','삼삼삼',to_date('23/07/31','RR/MM/DD'));
Insert into CANDYTOON.MEMBER_TBL (MEMBER_ID,MEMBER_PW,MEMBER_EMAIL,MEMBER_NAME,REGI_DATE) values ('user04','pass04','user04@ddd.com','사사사',to_date('23/07/31','RR/MM/DD'));
Insert into CANDYTOON.MEMBER_TBL (MEMBER_ID,MEMBER_PW,MEMBER_EMAIL,MEMBER_NAME,REGI_DATE) values ('user11','pass123','user11@naver.com','유저일',to_date('23/08/07','RR/MM/DD'));
Insert into CANDYTOON.MEMBER_TBL (MEMBER_ID,MEMBER_PW,MEMBER_EMAIL,MEMBER_NAME,REGI_DATE) values ('user10','pass10','user10@naver.com','유저십',to_date('23/08/14','RR/MM/DD'));
REM INSERTING into CANDYTOON.NOTICE_TBL
SET DEFINE OFF;
Insert into CANDYTOON.NOTICE_TBL (NOTICE_NO,NOTICE_SUBJECT,NOTICE_CONTENT,NOTICE_WRITER,NOTICE_DATE,NOTICE_UPDATE,NOTICE_FILENAME,NOTICE_FILERENAME,NOTICE_FILEPATH,NOTICE_FILELENGTH) values (22,'1번째 공지사항','공지사항1번째 내용','admin',to_timestamp('23/08/22 17:03:48.022000000','RR/MM/DD HH24:MI:SSXFF'),null,null,null,null,null);
Insert into CANDYTOON.NOTICE_TBL (NOTICE_NO,NOTICE_SUBJECT,NOTICE_CONTENT,NOTICE_WRITER,NOTICE_DATE,NOTICE_UPDATE,NOTICE_FILENAME,NOTICE_FILERENAME,NOTICE_FILEPATH,NOTICE_FILELENGTH) values (23,'2번째 공지사항','공지사항2번째 내용','admin',to_timestamp('23/08/22 17:03:48.022000000','RR/MM/DD HH24:MI:SSXFF'),null,null,null,null,null);
Insert into CANDYTOON.NOTICE_TBL (NOTICE_NO,NOTICE_SUBJECT,NOTICE_CONTENT,NOTICE_WRITER,NOTICE_DATE,NOTICE_UPDATE,NOTICE_FILENAME,NOTICE_FILERENAME,NOTICE_FILEPATH,NOTICE_FILELENGTH) values (24,'3번째 공지사항','공지사항3번째 내용','admin',to_timestamp('23/08/22 17:03:48.022000000','RR/MM/DD HH24:MI:SSXFF'),null,null,null,null,null);
Insert into CANDYTOON.NOTICE_TBL (NOTICE_NO,NOTICE_SUBJECT,NOTICE_CONTENT,NOTICE_WRITER,NOTICE_DATE,NOTICE_UPDATE,NOTICE_FILENAME,NOTICE_FILERENAME,NOTICE_FILEPATH,NOTICE_FILELENGTH) values (25,'4번째 공지사항','공지사항4번째 내용','admin',to_timestamp('23/08/22 17:03:48.022000000','RR/MM/DD HH24:MI:SSXFF'),null,null,null,null,null);
Insert into CANDYTOON.NOTICE_TBL (NOTICE_NO,NOTICE_SUBJECT,NOTICE_CONTENT,NOTICE_WRITER,NOTICE_DATE,NOTICE_UPDATE,NOTICE_FILENAME,NOTICE_FILERENAME,NOTICE_FILEPATH,NOTICE_FILELENGTH) values (26,'5번째 공지사항','공지사항5번째 내용','admin',to_timestamp('23/08/22 17:03:48.022000000','RR/MM/DD HH24:MI:SSXFF'),null,null,null,null,null);
Insert into CANDYTOON.NOTICE_TBL (NOTICE_NO,NOTICE_SUBJECT,NOTICE_CONTENT,NOTICE_WRITER,NOTICE_DATE,NOTICE_UPDATE,NOTICE_FILENAME,NOTICE_FILERENAME,NOTICE_FILEPATH,NOTICE_FILELENGTH) values (27,'6번째 공지사항','공지사항6번째 내용','admin',to_timestamp('23/08/22 17:03:48.022000000','RR/MM/DD HH24:MI:SSXFF'),null,null,null,null,null);
Insert into CANDYTOON.NOTICE_TBL (NOTICE_NO,NOTICE_SUBJECT,NOTICE_CONTENT,NOTICE_WRITER,NOTICE_DATE,NOTICE_UPDATE,NOTICE_FILENAME,NOTICE_FILERENAME,NOTICE_FILEPATH,NOTICE_FILELENGTH) values (28,'7번째 공지사항','공지사항7번째 내용','admin',to_timestamp('23/08/22 17:03:48.022000000','RR/MM/DD HH24:MI:SSXFF'),null,null,null,null,null);
Insert into CANDYTOON.NOTICE_TBL (NOTICE_NO,NOTICE_SUBJECT,NOTICE_CONTENT,NOTICE_WRITER,NOTICE_DATE,NOTICE_UPDATE,NOTICE_FILENAME,NOTICE_FILERENAME,NOTICE_FILEPATH,NOTICE_FILELENGTH) values (29,'8번째 공지사항','공지사항8번째 내용','admin',to_timestamp('23/08/22 17:03:48.022000000','RR/MM/DD HH24:MI:SSXFF'),null,null,null,null,null);
Insert into CANDYTOON.NOTICE_TBL (NOTICE_NO,NOTICE_SUBJECT,NOTICE_CONTENT,NOTICE_WRITER,NOTICE_DATE,NOTICE_UPDATE,NOTICE_FILENAME,NOTICE_FILERENAME,NOTICE_FILEPATH,NOTICE_FILELENGTH) values (30,'9번째 공지사항','공지사항9번째 내용','admin',to_timestamp('23/08/22 17:03:48.022000000','RR/MM/DD HH24:MI:SSXFF'),null,null,null,null,null);
Insert into CANDYTOON.NOTICE_TBL (NOTICE_NO,NOTICE_SUBJECT,NOTICE_CONTENT,NOTICE_WRITER,NOTICE_DATE,NOTICE_UPDATE,NOTICE_FILENAME,NOTICE_FILERENAME,NOTICE_FILEPATH,NOTICE_FILELENGTH) values (31,'10번째 공지사항','공지사항10번째 내용','admin',to_timestamp('23/08/22 17:03:48.022000000','RR/MM/DD HH24:MI:SSXFF'),null,null,null,null,null);
Insert into CANDYTOON.NOTICE_TBL (NOTICE_NO,NOTICE_SUBJECT,NOTICE_CONTENT,NOTICE_WRITER,NOTICE_DATE,NOTICE_UPDATE,NOTICE_FILENAME,NOTICE_FILERENAME,NOTICE_FILEPATH,NOTICE_FILELENGTH) values (32,'11번째 공지사항','공지사항11번째 내용','admin',to_timestamp('23/08/22 17:03:48.022000000','RR/MM/DD HH24:MI:SSXFF'),null,null,null,null,null);
Insert into CANDYTOON.NOTICE_TBL (NOTICE_NO,NOTICE_SUBJECT,NOTICE_CONTENT,NOTICE_WRITER,NOTICE_DATE,NOTICE_UPDATE,NOTICE_FILENAME,NOTICE_FILERENAME,NOTICE_FILEPATH,NOTICE_FILELENGTH) values (33,'12번째 공지사항','공지사항12번째 내용','admin',to_timestamp('23/08/22 17:03:48.022000000','RR/MM/DD HH24:MI:SSXFF'),null,null,null,null,null);
Insert into CANDYTOON.NOTICE_TBL (NOTICE_NO,NOTICE_SUBJECT,NOTICE_CONTENT,NOTICE_WRITER,NOTICE_DATE,NOTICE_UPDATE,NOTICE_FILENAME,NOTICE_FILERENAME,NOTICE_FILEPATH,NOTICE_FILELENGTH) values (34,'13번째 공지사항','공지사항13번째 내용','admin',to_timestamp('23/08/22 17:03:48.022000000','RR/MM/DD HH24:MI:SSXFF'),null,null,null,null,null);
Insert into CANDYTOON.NOTICE_TBL (NOTICE_NO,NOTICE_SUBJECT,NOTICE_CONTENT,NOTICE_WRITER,NOTICE_DATE,NOTICE_UPDATE,NOTICE_FILENAME,NOTICE_FILERENAME,NOTICE_FILEPATH,NOTICE_FILELENGTH) values (35,'14번째 공지사항','공지사항14번째 내용','admin',to_timestamp('23/08/22 17:03:48.022000000','RR/MM/DD HH24:MI:SSXFF'),null,null,null,null,null);
Insert into CANDYTOON.NOTICE_TBL (NOTICE_NO,NOTICE_SUBJECT,NOTICE_CONTENT,NOTICE_WRITER,NOTICE_DATE,NOTICE_UPDATE,NOTICE_FILENAME,NOTICE_FILERENAME,NOTICE_FILEPATH,NOTICE_FILELENGTH) values (36,'15번째 공지사항','공지사항15번째 내용','admin',to_timestamp('23/08/22 17:03:48.022000000','RR/MM/DD HH24:MI:SSXFF'),null,null,null,null,null);
Insert into CANDYTOON.NOTICE_TBL (NOTICE_NO,NOTICE_SUBJECT,NOTICE_CONTENT,NOTICE_WRITER,NOTICE_DATE,NOTICE_UPDATE,NOTICE_FILENAME,NOTICE_FILERENAME,NOTICE_FILEPATH,NOTICE_FILELENGTH) values (37,'16번째 공지사항','공지사항16번째 내용','admin',to_timestamp('23/08/22 17:03:48.022000000','RR/MM/DD HH24:MI:SSXFF'),null,null,null,null,null);
Insert into CANDYTOON.NOTICE_TBL (NOTICE_NO,NOTICE_SUBJECT,NOTICE_CONTENT,NOTICE_WRITER,NOTICE_DATE,NOTICE_UPDATE,NOTICE_FILENAME,NOTICE_FILERENAME,NOTICE_FILEPATH,NOTICE_FILELENGTH) values (38,'17번째 공지사항','공지사항17번째 내용','admin',to_timestamp('23/08/22 17:03:48.022000000','RR/MM/DD HH24:MI:SSXFF'),null,null,null,null,null);
Insert into CANDYTOON.NOTICE_TBL (NOTICE_NO,NOTICE_SUBJECT,NOTICE_CONTENT,NOTICE_WRITER,NOTICE_DATE,NOTICE_UPDATE,NOTICE_FILENAME,NOTICE_FILERENAME,NOTICE_FILEPATH,NOTICE_FILELENGTH) values (39,'18번째 공지사항','공지사항18번째 내용','admin',to_timestamp('23/08/22 17:03:48.022000000','RR/MM/DD HH24:MI:SSXFF'),null,null,null,null,null);
Insert into CANDYTOON.NOTICE_TBL (NOTICE_NO,NOTICE_SUBJECT,NOTICE_CONTENT,NOTICE_WRITER,NOTICE_DATE,NOTICE_UPDATE,NOTICE_FILENAME,NOTICE_FILERENAME,NOTICE_FILEPATH,NOTICE_FILELENGTH) values (40,'19번째 공지사항','공지사항19번째 내용','admin',to_timestamp('23/08/22 17:03:48.022000000','RR/MM/DD HH24:MI:SSXFF'),null,null,null,null,null);
Insert into CANDYTOON.NOTICE_TBL (NOTICE_NO,NOTICE_SUBJECT,NOTICE_CONTENT,NOTICE_WRITER,NOTICE_DATE,NOTICE_UPDATE,NOTICE_FILENAME,NOTICE_FILERENAME,NOTICE_FILEPATH,NOTICE_FILELENGTH) values (41,'20번째 공지사항','공지사항20번째 내용','admin',to_timestamp('23/08/22 17:03:48.022000000','RR/MM/DD HH24:MI:SSXFF'),null,null,null,null,null);
Insert into CANDYTOON.NOTICE_TBL (NOTICE_NO,NOTICE_SUBJECT,NOTICE_CONTENT,NOTICE_WRITER,NOTICE_DATE,NOTICE_UPDATE,NOTICE_FILENAME,NOTICE_FILERENAME,NOTICE_FILEPATH,NOTICE_FILELENGTH) values (42,'21번째 공지사항','공지사항21번째 내용','admin',to_timestamp('23/08/22 17:03:48.022000000','RR/MM/DD HH24:MI:SSXFF'),null,null,null,null,null);
Insert into CANDYTOON.NOTICE_TBL (NOTICE_NO,NOTICE_SUBJECT,NOTICE_CONTENT,NOTICE_WRITER,NOTICE_DATE,NOTICE_UPDATE,NOTICE_FILENAME,NOTICE_FILERENAME,NOTICE_FILEPATH,NOTICE_FILELENGTH) values (43,'22번째 공지사항','공지사항22번째 내용','admin',to_timestamp('23/08/22 17:03:48.022000000','RR/MM/DD HH24:MI:SSXFF'),null,null,null,null,null);
Insert into CANDYTOON.NOTICE_TBL (NOTICE_NO,NOTICE_SUBJECT,NOTICE_CONTENT,NOTICE_WRITER,NOTICE_DATE,NOTICE_UPDATE,NOTICE_FILENAME,NOTICE_FILERENAME,NOTICE_FILEPATH,NOTICE_FILELENGTH) values (48,'27번째 공지사항','공지사항27번째 내용','admin',to_timestamp('23/08/22 17:03:48.022000000','RR/MM/DD HH24:MI:SSXFF'),null,null,null,null,null);
Insert into CANDYTOON.NOTICE_TBL (NOTICE_NO,NOTICE_SUBJECT,NOTICE_CONTENT,NOTICE_WRITER,NOTICE_DATE,NOTICE_UPDATE,NOTICE_FILENAME,NOTICE_FILERENAME,NOTICE_FILEPATH,NOTICE_FILELENGTH) values (51,'30번째 공지사항','공지사항30번째 내용','admin',to_timestamp('23/08/22 17:03:48.022000000','RR/MM/DD HH24:MI:SSXFF'),null,null,null,null,null);
Insert into CANDYTOON.NOTICE_TBL (NOTICE_NO,NOTICE_SUBJECT,NOTICE_CONTENT,NOTICE_WRITER,NOTICE_DATE,NOTICE_UPDATE,NOTICE_FILENAME,NOTICE_FILERENAME,NOTICE_FILEPATH,NOTICE_FILELENGTH) values (54,'33번째 공지사항','공지사항33번째 내용','admin',to_timestamp('23/08/22 17:03:48.022000000','RR/MM/DD HH24:MI:SSXFF'),null,null,null,null,null);
--------------------------------------------------------
--  DDL for Index SYS_C007425
--------------------------------------------------------

  CREATE UNIQUE INDEX "CANDYTOON"."SYS_C007425" ON "CANDYTOON"."ASK_TBL" ("ASK_NO") 
  PCTFREE 10 INITRANS 2 MAXTRANS 255 
  STORAGE(INITIAL 65536 NEXT 1048576 MINEXTENTS 1 MAXEXTENTS 2147483645
  PCTINCREASE 0 FREELISTS 1 FREELIST GROUPS 1 BUFFER_POOL DEFAULT FLASH_CACHE DEFAULT CELL_FLASH_CACHE DEFAULT)
  TABLESPACE "SYSTEM" ;
--------------------------------------------------------
--  DDL for Index SYS_C007430
--------------------------------------------------------

  CREATE UNIQUE INDEX "CANDYTOON"."SYS_C007430" ON "CANDYTOON"."FNQ_TBL" ("FNQ_NO") 
  PCTFREE 10 INITRANS 2 MAXTRANS 255 
  STORAGE(INITIAL 65536 NEXT 1048576 MINEXTENTS 1 MAXEXTENTS 2147483645
  PCTINCREASE 0 FREELISTS 1 FREELIST GROUPS 1 BUFFER_POOL DEFAULT FLASH_CACHE DEFAULT CELL_FLASH_CACHE DEFAULT)
  TABLESPACE "SYSTEM" ;
--------------------------------------------------------
--  DDL for Index SYS_C007332
--------------------------------------------------------

  CREATE UNIQUE INDEX "CANDYTOON"."SYS_C007332" ON "CANDYTOON"."MEMBER_TBL" ("MEMBER_ID") 
  PCTFREE 10 INITRANS 2 MAXTRANS 255 COMPUTE STATISTICS 
  STORAGE(INITIAL 65536 NEXT 1048576 MINEXTENTS 1 MAXEXTENTS 2147483645
  PCTINCREASE 0 FREELISTS 1 FREELIST GROUPS 1 BUFFER_POOL DEFAULT FLASH_CACHE DEFAULT CELL_FLASH_CACHE DEFAULT)
  TABLESPACE "SYSTEM" ;
--------------------------------------------------------
--  DDL for Index SYS_C007432
--------------------------------------------------------

  CREATE UNIQUE INDEX "CANDYTOON"."SYS_C007432" ON "CANDYTOON"."NOTICE_TBL" ("NOTICE_NO") 
  PCTFREE 10 INITRANS 2 MAXTRANS 255 
  STORAGE(INITIAL 65536 NEXT 1048576 MINEXTENTS 1 MAXEXTENTS 2147483645
  PCTINCREASE 0 FREELISTS 1 FREELIST GROUPS 1 BUFFER_POOL DEFAULT FLASH_CACHE DEFAULT CELL_FLASH_CACHE DEFAULT)
  TABLESPACE "SYSTEM" ;
--------------------------------------------------------
--  Constraints for Table ASK_TBL
--------------------------------------------------------

  ALTER TABLE "CANDYTOON"."ASK_TBL" ADD PRIMARY KEY ("ASK_NO")
  USING INDEX PCTFREE 10 INITRANS 2 MAXTRANS 255 
  STORAGE(INITIAL 65536 NEXT 1048576 MINEXTENTS 1 MAXEXTENTS 2147483645
  PCTINCREASE 0 FREELISTS 1 FREELIST GROUPS 1 BUFFER_POOL DEFAULT FLASH_CACHE DEFAULT CELL_FLASH_CACHE DEFAULT)
  TABLESPACE "SYSTEM"  ENABLE;
  ALTER TABLE "CANDYTOON"."ASK_TBL" MODIFY ("ASK_WRITER" NOT NULL ENABLE);
  ALTER TABLE "CANDYTOON"."ASK_TBL" MODIFY ("ASK_CONTENT" NOT NULL ENABLE);
  ALTER TABLE "CANDYTOON"."ASK_TBL" MODIFY ("ASK_SUBJECT" NOT NULL ENABLE);
  ALTER TABLE "CANDYTOON"."ASK_TBL" MODIFY ("ASK_CATEGORY" NOT NULL ENABLE);
--------------------------------------------------------
--  Constraints for Table FNQ_TBL
--------------------------------------------------------

  ALTER TABLE "CANDYTOON"."FNQ_TBL" ADD PRIMARY KEY ("FNQ_NO")
  USING INDEX PCTFREE 10 INITRANS 2 MAXTRANS 255 
  STORAGE(INITIAL 65536 NEXT 1048576 MINEXTENTS 1 MAXEXTENTS 2147483645
  PCTINCREASE 0 FREELISTS 1 FREELIST GROUPS 1 BUFFER_POOL DEFAULT FLASH_CACHE DEFAULT CELL_FLASH_CACHE DEFAULT)
  TABLESPACE "SYSTEM"  ENABLE;
  ALTER TABLE "CANDYTOON"."FNQ_TBL" MODIFY ("FNQ_WRITER" NOT NULL ENABLE);
  ALTER TABLE "CANDYTOON"."FNQ_TBL" MODIFY ("FNQ_CONTENT" NOT NULL ENABLE);
  ALTER TABLE "CANDYTOON"."FNQ_TBL" MODIFY ("FNQ_SUBJECT" NOT NULL ENABLE);
  ALTER TABLE "CANDYTOON"."FNQ_TBL" MODIFY ("FNQ_CATEGORY" NOT NULL ENABLE);
--------------------------------------------------------
--  Constraints for Table MEMBER_TBL
--------------------------------------------------------

  ALTER TABLE "CANDYTOON"."MEMBER_TBL" ADD PRIMARY KEY ("MEMBER_ID")
  USING INDEX PCTFREE 10 INITRANS 2 MAXTRANS 255 COMPUTE STATISTICS 
  STORAGE(INITIAL 65536 NEXT 1048576 MINEXTENTS 1 MAXEXTENTS 2147483645
  PCTINCREASE 0 FREELISTS 1 FREELIST GROUPS 1 BUFFER_POOL DEFAULT FLASH_CACHE DEFAULT CELL_FLASH_CACHE DEFAULT)
  TABLESPACE "SYSTEM"  ENABLE;
  ALTER TABLE "CANDYTOON"."MEMBER_TBL" MODIFY ("MEMBER_NAME" NOT NULL ENABLE);
  ALTER TABLE "CANDYTOON"."MEMBER_TBL" MODIFY ("MEMBER_EMAIL" NOT NULL ENABLE);
  ALTER TABLE "CANDYTOON"."MEMBER_TBL" MODIFY ("MEMBER_PW" NOT NULL ENABLE);
--------------------------------------------------------
--  Constraints for Table NOTICE_TBL
--------------------------------------------------------

  ALTER TABLE "CANDYTOON"."NOTICE_TBL" ADD PRIMARY KEY ("NOTICE_NO")
  USING INDEX PCTFREE 10 INITRANS 2 MAXTRANS 255 
  STORAGE(INITIAL 65536 NEXT 1048576 MINEXTENTS 1 MAXEXTENTS 2147483645
  PCTINCREASE 0 FREELISTS 1 FREELIST GROUPS 1 BUFFER_POOL DEFAULT FLASH_CACHE DEFAULT CELL_FLASH_CACHE DEFAULT)
  TABLESPACE "SYSTEM"  ENABLE;
